amount_bucket,transactions,total_amount,avg_amount,fraud_count,fraud_rate
10-50,9172,238602.37,26.0142139119058,10,0.0010902747492368076
100-200,2749,394906.91,143.65475081847944,2,0.0007275372862859222
1k-10k,280,478703.41,1709.6550357142855,1,0.0035714285714285713
200-500,1985,611842.12,308.23280604534006,5,0.0025188916876574307
50-100,3674,268378.98,73.04817093086554,2,0.0005443658138268917
500-1k,634,439784.22,693.6659621451104,2,0.0031545741324921135
<=10,9986,38709.92,3.8764189865812133,27,0.0027037852994191867
